Cities,Latitude,Longitude,Temperature (F),Pressure,Humidity (%),Minimum Temperature (F),Maximum Temperature (F),Cloud Coverage (%),Wind Speed (mph)
kavieng,-2.57,150.8,82.58,1012.17,70,82.58,82.58,73,5.99
monrovia,6.33,-10.8,78.8,1012.0,94,78.8,78.8,75,9.06
albany,42.65,-73.75,70.02,1011.0,69,64.99,75.2,75,10.29
jamestown,-33.21,138.6,80.01,1021.16,18,80.01,80.01,0,15.46
bluff,-23.58,149.07,72.38,1025.34,58,72.38,72.38,18,18.05
weston,41.2,-73.38,70.61,1014.0,73,68.0,73.99,1,13.87
hilo,19.71,-155.08,77.41,1014.0,66,57.99,86.0,20,6.93
mar del plata,-46.43,-67.52,45.81,1015.88,29,45.81,45.81,88,9.06
ilanskiy,56.24,96.06,29.03,1033.93,94,29.03,29.03,45,5.79
pali,25.77,73.33,79.36,1009.36,78,79.36,79.36,9,10.27
hasaki,35.73,140.83,68.0,1021.0,100,68.0,68.0,75,3.36
cape town,-33.93,18.42,58.5,1017.0,82,54.0,62.01,0,3.36
constitucion,23.99,-104.67,71.17,1019.0,40,69.01,73.4,75,8.05
alma,39.28,-106.06,56.37,1023.0,7,42.01,73.4,1,21.92
hauge,59.25,10.99,44.13,992.0,61,41.0,48.99,37,6.93
tuatapere,-46.13,167.69,51.01,1010.0,60,51.01,51.01,98,18.01
albury,-36.08,146.92,58.28,1028.0,71,51.8,64.99,65,1.12
chokurdakh,70.62,147.9,24.05,996.54,81,24.05,24.05,25,21.09
nemuro,43.32,145.57,61.54,1020.67,88,61.54,61.54,0,7.94
rikitea,-23.12,-134.97,68.42,1015.97,82,68.42,68.42,81,15.73
arraial do cabo,-22.97,-42.02,69.8,1016.0,68,69.8,69.8,0,17.22
atuona,-9.8,-139.03,79.58,1010.43,75,79.58,79.58,24,15.93
marsh harbour,26.54,-77.06,80.06,1012.27,81,80.06,80.06,33,22.73
hauterive,49.18,-68.27,38.25,1009.0,93,37.4,39.2,90,21.92
busselton,-33.64,115.35,48.92,1012.0,67,46.0,53.01,88,6.62
punta arenas,-53.16,-70.91,43.02,1012.0,79,41.0,44.6,0,19.46
new norfolk,-42.78,147.06,54.63,1023.0,62,51.01,57.0,0,5.82
genhe,50.78,121.52,41.94,1019.54,92,41.94,41.94,100,3.44
ushuaia,-54.81,-68.31,41.0,1008.0,88,41.0,41.0,75,23.04
mataura,-46.19,168.86,51.01,1010.0,60,51.01,51.01,82,18.01
santa teresa,-19.94,-40.6,74.12,1017.0,64,73.4,75.0,75,6.93
luanda,-8.83,13.24,73.4,1012.0,94,73.4,73.4,20,6.93
rawson,-43.3,-65.11,40.75,1018.51,56,40.75,40.75,56,7.81
severo-kurilsk,50.68,156.12,46.62,1019.03,90,46.62,46.62,98,11.65
nikolskoye,59.7,30.79,42.46,990.0,87,41.0,44.01,75,4.47
dikson,73.51,80.55,28.58,1012.76,86,28.58,28.58,23,18.03
norman wells,65.28,-126.83,51.8,1008.0,71,51.8,51.8,90,9.17
saldanha,41.42,-6.55,54.45,1019.77,79,54.45,54.45,0,8.01
cabo san lucas,22.89,-109.91,80.78,1011.0,61,75.0,84.0,75,12.75
san patricio,-26.98,-56.83,86.49,1000.24,44,86.49,86.49,62,9.33
damietta,31.42,31.81,77.0,1012.0,73,77.0,77.0,20,6.93
fukue,35.03,136.69,76.53,1020.0,73,75.2,78.01,75,3.36
westport,41.14,-73.36,70.68,1014.0,73,68.0,73.99,1,13.87
lebu,8.96,38.73,57.2,1026.0,87,57.2,57.2,90,1.79
senno,57.76,27.95,44.6,994.0,87,44.6,44.6,55,6.71
port elizabeth,39.31,-74.98,73.99,1016.0,78,71.01,79.0,1,5.82
birzai,56.2,24.75,48.58,994.88,97,48.58,48.58,100,3.91
hithadhoo,-0.6,73.08,82.04,1010.72,76,82.04,82.04,71,18.32
tuy hoa,13.08,109.3,73.92,1012.53,94,73.92,73.92,87,2.19
the valley,18.22,-63.06,83.41,1012.0,74,82.99,84.2,20,4.7
bredasdorp,-34.53,20.04,57.29,1020.0,82,55.4,59.0,100,3.36
chicama,-7.84,-79.15,62.6,1011.0,88,62.6,62.6,75,9.17
souillac,45.6,-0.6,59.79,1011.0,87,59.0,61.0,75,12.75
ancud,-41.87,-73.83,42.8,1021.0,75,42.8,42.8,90,5.82
kavaratti,10.57,72.64,81.05,1011.09,70,81.05,81.05,47,3.83
ponta do sol,-20.63,-46.0,71.37,1013.48,52,71.37,71.37,0,5.53
yerbogachen,61.28,108.01,28.04,1027.15,82,28.04,28.04,77,7.02
atasu,48.68,71.64,36.02,1030.8,46,36.02,36.02,0,8.72
faanui,-16.48,-151.75,76.17,1013.31,77,76.17,76.17,96,20.47
vestmannaeyjar,63.44,-20.27,47.16,1021.8,79,47.16,47.16,78,16.71
pisco,-13.71,-76.2,68.13,1012.0,30,64.0,71.6,0,18.34
gandajika,-6.75,23.95,67.39,1011.07,91,67.39,67.39,78,3.74
leningradskiy,69.38,178.42,33.8,994.93,96,33.8,33.8,100,24.34
krapivinskiy,55.0,86.81,32.0,1032.0,89,32.0,32.0,0,8.95
puerto ayora,-0.74,-90.35,73.89,1010.0,61,69.01,77.0,20,23.04
beloha,-25.17,45.06,67.16,1018.22,88,67.16,67.16,12,5.41
marabba,12.35,32.18,76.34,1009.53,75,76.34,76.34,83,7.05
lavrentiya,65.58,-170.99,40.55,1004.07,98,40.55,40.55,100,6.98
georgetown,6.8,-58.16,84.2,1009.0,79,84.2,84.2,75,6.93
thompson,55.74,-97.86,42.8,1024.0,41,42.8,42.8,20,4.7
anadyr,64.73,177.51,41.5,1000.0,80,41.0,42.01,40,4.47
geraldton,49.72,-86.95,41.0,1018.0,93,41.0,41.0,90,11.41
hermanus,-34.42,19.24,59.56,1014.0,78,59.0,60.01,100,8.99
kodiak,39.95,-94.76,84.06,1009.0,62,84.0,84.2,1,14.99
coolum beach,-26.53,153.09,66.4,1030.0,96,60.01,70.0,38,1.99
upernavik,72.79,-56.15,35.71,1011.65,64,35.71,35.71,45,10.47
tasiilaq,65.61,-37.64,35.6,1021.0,69,35.6,35.6,92,18.34
pevek,69.7,170.27,31.3,1001.57,88,31.3,31.3,100,25.05
srivardhan,18.03,73.02,76.03,1012.42,88,76.03,76.03,29,3.65
vaini,15.34,74.49,73.28,1012.01,94,73.28,73.28,35,1.5
grand-santi,4.27,-54.38,72.97,1009.41,95,72.97,72.97,100,3.04
sal rei,16.18,-22.92,77.15,1013.72,87,77.15,77.15,46,11.61
sao joao da barra,-21.64,-41.05,64.04,1019.04,87,64.04,64.04,62,3.78
baghdad,33.3,44.38,78.8,1007.0,36,78.8,78.8,0,4.7
henties bay,-22.12,14.28,63.0,1014.0,87,63.0,63.0,18,5.99
salinopolis,-0.61,-47.36,81.48,1009.93,77,81.48,81.48,60,20.83
bani walid,31.76,14.0,62.73,1013.39,87,62.73,62.73,4,7.81
swan hill,-35.34,143.56,74.09,1025.26,33,74.09,74.09,20,7.96
lashio,22.93,97.75,65.09,1011.91,98,65.09,65.09,98,0.69
meulaboh,4.14,96.13,79.22,1012.47,79,79.22,79.22,100,5.66
alice springs,-23.7,133.88,78.8,1022.0,15,78.8,78.8,0,9.17
fortuna,40.6,-124.16,61.27,1017.0,67,55.4,70.0,1,13.87
cap malheureux,-19.98,57.61,71.29,1020.0,94,71.01,71.6,40,6.93
hamilton,43.26,-79.87,69.66,1013.0,94,66.99,71.6,90,13.87
codrington,-28.95,153.24,66.38,1030.0,82,60.8,73.0,40,2.8
barrow,-38.31,-60.23,43.18,1018.41,74,43.18,43.18,72,5.03
port alfred,-33.59,26.89,57.0,1022.0,90,57.0,57.0,1,1.99
sitka,37.17,-99.65,66.99,960.0,93,66.99,66.99,98,11.99
acajutla,13.59,-89.83,73.4,1014.0,94,73.4,73.4,20,8.37
roald,62.58,6.12,40.95,999.0,87,35.01,46.4,100,3.36
swellendam,-34.02,20.44,55.4,1020.0,82,55.4,55.4,100,3.36
bethel,60.79,-161.76,46.4,1015.0,65,46.4,46.4,40,9.17
samarai,-10.62,150.67,75.38,1014.02,92,75.38,75.38,100,7.09
eureka,40.8,-124.16,60.13,1017.0,71,55.4,66.99,1,9.17
aswan,24.09,32.9,80.6,1010.0,22,80.6,80.6,0,14.99
poddorye,57.47,31.12,46.53,996.11,83,46.53,46.53,67,9.95
yellowknife,62.45,-114.38,49.55,1013.0,61,48.2,50.0,75,6.93
sabalgarh,26.25,77.41,72.68,1009.99,81,72.68,72.68,67,4.83
wanning,48.64,13.53,57.27,1005.0,82,54.0,61.0,75,1.12
avarua,-21.21,-159.78,75.2,1017.0,64,75.2,75.2,41,14.99
inhambane,-23.87,35.38,61.68,1022.0,91,61.68,61.68,94,5.39
arica,-18.48,-70.32,58.33,1016.0,82,57.2,60.8,90,1.12
whitehorse,60.72,-135.06,50.52,1004.0,76,50.0,52.0,90,12.75
carballo,43.21,-8.69,59.43,1020.0,87,55.99,63.0,75,6.93
cayenne,4.94,-52.33,80.6,1009.0,78,80.6,80.6,0,3.36
kilindoni,-7.91,39.67,78.93,1010.91,82,78.93,78.93,83,3.51
airai,-8.93,125.41,85.17,1015.23,38,85.17,85.17,0,3.04
terbuny,52.15,38.28,46.08,1011.51,85,46.08,46.08,82,6.6
haverfordwest,51.8,-4.97,53.55,1012.0,81,53.01,54.0,87,8.05
volosovo,59.45,29.48,42.39,990.0,87,42.01,42.8,75,4.47
kapaa,22.08,-159.32,84.22,1016.0,66,82.0,86.0,40,17.22
sonepur,25.7,85.16,75.2,1008.0,94,75.2,75.2,75,4.56
qaanaaq,77.48,-69.36,33.01,1012.93,96,33.01,33.01,100,9.26
machico,32.7,-16.77,65.62,1023.0,77,61.0,69.8,75,10.29
saint-philippe,45.36,-73.48,61.75,1006.0,100,55.99,66.2,90,8.05
luderitz,-26.65,15.16,60.8,1013.0,55,60.8,60.8,0,10.29
castro,-42.48,-73.76,42.8,1022.0,81,42.8,42.8,75,4.7
wakefield,53.68,-1.5,42.94,1011.0,86,39.99,45.0,0,9.17
smithers,54.78,-127.17,51.8,1015.0,53,51.8,51.8,75,2.24
muros,42.77,-9.06,59.59,1021.0,93,55.99,63.0,75,2.24
kenitra,34.26,-6.57,63.18,1020.0,93,57.2,66.99,40,7.65
antofagasta,-23.65,-70.4,59.0,1016.0,77,59.0,59.0,75,19.46
garowe,8.41,48.48,74.7,1012.11,60,74.7,74.7,11,9.17
mogadouro,41.34,-6.71,54.45,1019.77,79,54.45,54.45,0,8.01
tuktoyaktuk,69.44,-133.03,41.0,1012.0,86,41.0,41.0,90,4.7
saint george,39.45,22.34,65.25,1011.0,77,64.4,66.2,0,1.23
hobart,-42.88,147.33,54.63,1023.0,62,51.01,57.0,0,5.82
honghu,29.82,113.46,71.53,1012.73,57,71.53,71.53,61,5.46
kautokeino,69.01,23.04,29.75,1010.64,88,29.75,29.75,96,21.36
caravelas,-17.73,-39.27,71.85,1018.67,80,71.85,71.85,4,10.22
harper,30.3,-99.24,87.4,1014.0,45,84.99,89.6,40,15.17
kraslava,55.9,27.16,50.83,996.18,95,50.83,50.83,100,10.6
prattville,32.46,-86.46,91.78,1015.0,39,90.0,95.0,40,6.93
pangnirtung,66.15,-65.72,35.6,1011.0,100,35.6,35.6,75,4.7
faya,18.39,42.45,61.72,1024.0,77,60.8,62.6,0,3.36
manhattan,39.18,-96.57,83.57,1007.0,58,77.0,86.0,40,21.92
dongsheng,29.72,112.52,73.26,1012.85,52,73.26,73.26,50,6.33
de aar,-30.65,24.01,48.33,1021.8,49,48.33,48.33,17,10.45
wajid,3.81,43.25,76.82,1009.2,71,76.82,76.82,11,17.25
butaritari,3.07,172.79,85.61,1009.02,65,85.61,85.61,100,10.07
vila velha,-3.71,-38.6,78.8,1011.0,74,78.8,78.8,0,9.17
aklavik,68.22,-135.01,46.4,1011.0,61,46.4,46.4,75,9.17
ahipara,-35.17,173.16,62.01,1016.0,89,62.01,62.01,67,26.98
davila,18.47,120.58,75.2,1012.0,100,75.2,75.2,40,3.36
zheleznodorozhnyy,55.75,38.0,43.21,1005.0,87,41.0,45.0,0,2.24
cherskiy,68.75,161.3,27.12,1006.5,73,27.12,27.12,70,10.11
hirara,24.8,125.28,80.6,1012.0,88,80.6,80.6,40,13.87
canmore,51.09,-115.35,41.5,1016.0,51,39.2,44.01,1,9.17
kijang,35.24,129.21,71.6,1015.0,88,71.6,71.6,90,4.7
marzuq,14.4,46.47,72.43,1010.83,61,72.43,72.43,88,3.44
katsuura,33.93,134.5,75.07,1019.0,83,73.4,77.0,90,16.11
halifax,44.65,-63.58,52.45,1014.0,71,50.0,55.0,90,8.05
atar,20.52,-13.05,95.47,1010.05,9,95.47,95.47,23,9.93
korcula,42.96,17.14,60.8,1009.0,93,60.8,60.8,0,2.24
saskylakh,71.97,114.09,25.34,1016.14,95,25.34,25.34,95,10.67
tabas,33.6,56.92,75.2,1010.0,25,75.2,75.2,0,2.24
tilichiki,60.47,166.1,38.48,1008.47,59,38.48,38.48,48,18.19
kurayoshi,35.43,133.83,76.91,1017.0,78,75.2,78.8,75,11.41
rocha,-34.48,-54.34,56.12,1009.38,97,56.12,56.12,100,11.79
acapulco,16.86,-99.88,84.2,1007.0,79,84.2,84.2,40,8.05
chimbote,-9.08,-78.59,61.49,1013.22,94,61.49,61.49,100,12.19
namibe,-15.19,12.15,64.89,1012.48,80,64.89,64.89,100,12.66
atikokan,48.76,-91.62,40.37,1020.82,80,40.37,40.37,100,6.13
provideniya,64.42,-173.23,46.4,1006.0,87,46.4,46.4,75,15.66
shigony,53.39,48.68,54.47,1008.47,91,54.47,54.47,100,11.72
torbay,47.66,-52.73,42.51,1009.0,80,39.0,46.0,75,5.82
mount isa,-20.73,139.49,80.6,1021.0,13,80.6,80.6,0,17.22
yanam,16.73,82.22,76.62,1010.08,92,76.62,76.62,100,6.53
carnarvon,-30.97,22.13,51.05,1020.39,33,51.05,51.05,24,9.13
mahebourg,-20.41,57.7,71.24,1020.0,94,71.01,71.6,40,6.93
lazaro cardenas,28.39,-105.62,82.4,1014.0,51,82.4,82.4,40,10.29
port hardy,50.7,-127.42,53.6,1020.0,71,53.6,53.6,90,4.7
vila franca do campo,37.72,-25.43,71.82,1016.0,88,71.6,72.0,40,16.11
wuzhou,23.48,111.3,76.43,1012.75,66,76.43,76.43,12,0.72
sangod,24.93,76.29,70.09,1009.92,84,70.09,70.09,9,3.42
deogarh,21.53,84.72,71.87,1009.5,96,71.87,71.87,96,1.72
camacha,33.08,-16.33,66.36,1023.0,77,61.0,69.8,40,10.29
klaksvik,62.23,-6.59,44.6,1015.0,81,44.6,44.6,57,21.92
kaniama,-7.57,24.18,68.0,1011.35,91,68.0,68.0,79,4.74
sorland,67.67,12.69,47.55,1004.47,66,47.55,47.55,0,14.83
cairns,-16.92,145.77,77.29,1020.0,65,71.01,82.0,75,11.41
khatanga,71.98,102.47,18.11,1017.43,89,18.11,18.11,1,2.28
san quintin,17.54,120.52,78.5,1013.15,82,78.5,78.5,99,2.73
tucupita,9.06,-62.05,78.53,1009.78,83,78.53,78.53,100,5.48
nizhniy kuranakh,58.84,125.49,29.07,1025.32,85,29.07,29.07,81,8.23
dhidhdhoo,6.88,73.1,82.4,1010.78,73,82.4,82.4,32,5.99
kaitangata,-46.28,169.85,46.0,1005.0,62,46.0,46.0,87,8.01
ejura,7.38,-1.37,72.43,1012.27,97,72.43,72.43,100,3.8
west bay,49.34,-123.21,58.26,1020.0,51,54.0,62.01,20,6.93
chuy,-33.69,-53.46,61.56,1008.3,98,61.56,61.56,100,7.43
batagay-alyta,67.8,130.41,9.29,1014.46,73,9.29,9.29,79,6.64
pundaguitan,6.37,126.17,83.16,1013.63,66,83.16,83.16,77,4.05
muzhi,65.4,64.7,34.63,1001.53,95,34.63,34.63,33,5.19
ketchikan,55.34,-131.65,50.0,1015.0,81,50.0,50.0,90,28.86
podbrdo,44.44,17.01,60.8,1008.0,87,60.8,60.8,0,5.82
yulara,-25.24,130.99,71.6,1020.0,15,71.6,71.6,100,4.7
manokwari,-0.87,134.08,78.59,1013.47,69,78.59,78.59,62,5.95
prince rupert,54.32,-130.32,55.4,1015.0,58,55.4,55.4,90,11.41
khorinsk,52.16,109.78,28.1,1031.4,81,28.1,28.1,100,1.97
nome,30.04,-94.42,85.73,1015.0,55,82.0,87.8,1,9.17
ulladulla,-35.36,150.48,64.17,1027.0,55,59.0,69.01,0,8.05
waingapu,-9.65,120.26,80.53,1014.87,62,80.53,80.53,16,8.63
bilibino,68.06,166.44,16.49,1006.04,92,16.49,16.49,99,3.76
tiksi,71.64,128.87,29.18,1006.68,91,29.18,29.18,99,20.74
te anau,-45.41,167.72,41.34,1011.37,65,41.34,41.34,72,8.21
east london,-33.02,27.91,53.6,1024.04,83,53.6,53.6,42,7.99
bandundu,-3.32,17.38,72.45,1010.01,92,72.45,72.45,23,2.3
afsin,38.25,36.91,47.93,1014.04,42,47.93,47.93,0,2.42
flinders,-34.58,150.85,66.67,1027.0,55,63.0,70.0,0,8.05
tekeli,44.86,78.76,37.96,1023.68,51,37.96,37.96,17,3.38
buraydah,26.33,43.97,86.0,1012.0,28,86.0,86.0,0,3.36
corrente,-17.45,-44.68,76.37,1013.1,45,76.37,76.37,31,5.23
tazovskiy,67.47,78.7,35.58,1004.74,95,35.58,35.58,100,9.4
saint-prosper,46.21,-70.48,52.25,1007.0,100,45.0,60.01,100,1.99
hailar,49.2,119.7,49.17,1017.53,68,49.17,49.17,100,12.93
cleburne,32.35,-97.39,91.81,1013.0,36,90.0,93.99,1,12.75
port blair,11.67,92.75,81.29,1011.12,75,81.29,81.29,37,4.34
kutum,14.2,24.66,74.7,1010.2,59,74.7,74.7,77,2.17
broome,52.47,1.45,49.68,1007.0,71,46.99,53.01,76,8.05
serenje,-13.23,30.22,63.54,1013.2,83,63.54,63.54,100,8.48
saint-georges,46.12,-70.67,55.26,1007.0,100,45.0,61.0,100,1.99
nishihara,35.74,139.53,73.27,1023.0,83,68.0,78.01,1,5.82
khudumelapye,-23.91,24.95,51.75,1020.55,78,51.75,51.75,0,8.77
gallup,35.53,-108.74,72.57,1016.0,11,71.01,73.4,1,24.16
ankola,14.67,74.3,81.48,1011.63,73,81.48,81.48,2,1.3
le port,42.87,1.37,57.63,1013.0,71,51.01,62.01,91,8.01
nioaque,-21.16,-55.83,87.6,1004.67,43,87.6,87.6,37,6.2
xingyi,24.19,102.82,57.63,1013.86,96,57.63,57.63,72,1.66
sabang,13.8,121.11,77.0,1011.0,95,77.0,77.0,100,0.81
port macquarie,-31.43,152.91,65.23,1029.0,72,59.0,71.01,1,2.24
zaraza,9.35,-65.33,77.51,1009.28,84,77.51,77.51,100,2.86
ibotirama,-12.18,-43.22,80.85,1011.45,47,80.85,80.85,67,6.13
hobyo,5.35,48.53,75.18,1010.04,93,75.18,75.18,0,6.91
khandyga,62.65,135.58,26.3,1011.35,90,26.3,26.3,99,10.96
zhigansk,66.77,123.37,23.94,1017.94,78,23.94,23.94,26,7.52
gobabis,-22.45,18.97,59.0,1023.0,14,59.0,59.0,0,3.36
aylesbury,51.82,-0.81,50.56,1009.0,87,48.0,53.6,76,11.41
saint john,45.28,-66.06,51.82,1011.0,93,50.0,54.0,90,16.11
nordenham,53.5,8.48,47.97,1001.0,93,46.4,50.0,75,6.93
somerset east,-32.72,25.59,51.51,1022.47,89,51.51,51.51,2,8.12
bambous virieux,-20.34,57.76,71.26,1020.0,94,71.01,71.6,40,6.93
artyom,43.36,132.19,64.4,1019.0,88,64.4,64.4,75,8.95
bayir,37.27,28.22,62.85,1011.0,82,62.6,63.0,0,3.36
tecolutla,17.31,-98.74,65.37,1008.28,94,65.37,65.37,64,3.47
san teodoro,13.44,121.02,77.0,1011.0,95,77.0,77.0,100,1.45
raudeberg,61.99,5.14,45.95,999.0,66,43.0,48.2,96,8.05
waipawa,-39.94,176.59,52.0,1005.0,81,52.0,52.0,48,7.0
naze,5.43,7.07,72.25,1011.87,98,72.25,72.25,79,3.29
yatou,3.63,9.81,78.8,1012.0,94,78.8,78.8,75,1.12
batsfjord,70.63,29.72,33.8,1010.0,80,33.8,33.8,40,13.87
virginia beach,36.85,-75.98,75.0,1018.0,64,71.6,78.8,20,5.82
payson,40.04,-111.73,56.19,1012.0,18,52.0,61.0,1,13.87
longyearbyen,78.22,15.63,23.0,1026.0,79,23.0,23.0,20,3.36
portland,43.66,-70.25,59.23,1011.0,87,57.0,61.0,90,4.7
lompoc,34.64,-120.46,68.54,1013.0,52,60.01,75.0,1,19.46
san joaquin,10.59,122.14,78.69,1012.85,89,78.69,78.69,100,4.63
winchester,51.06,-1.31,51.67,1008.0,81,48.99,54.0,65,12.75
lasa,34.92,32.53,67.01,1011.0,72,63.0,71.6,0,6.93
santona,43.44,-3.46,64.72,1017.0,82,63.0,66.2,75,10.29
muchkapskiy,51.85,42.48,53.17,1010.42,90,53.17,53.17,52,8.99
maragogi,-9.01,-35.22,70.32,1015.15,89,70.32,70.32,9,2.71
vardo,39.62,-77.74,78.91,1016.0,61,75.0,82.99,20,8.05
fare,-16.7,-151.02,75.72,1013.64,76,75.72,75.72,46,19.98
ballina,54.11,-9.15,47.73,1019.0,83,46.0,50.0,100,4.0
clyde river,70.47,-68.59,35.6,1012.0,100,35.6,35.6,90,11.41
sao filipe,14.9,-24.5,78.55,1013.55,88,78.55,78.55,80,16.11
mstera,56.38,41.92,41.67,1005.97,90,41.67,41.67,100,6.22
pinos,38.68,-0.01,76.39,1011.0,40,71.01,80.01,0,8.05
khani,41.96,42.96,55.4,1016.0,93,55.4,55.4,0,4.7
enshi,30.29,109.48,61.05,1014.6,84,61.05,61.05,85,4.09
villamontes,-21.26,-63.47,72.38,1002.28,84,72.38,72.38,83,5.06
mahajanga,-15.72,46.32,77.0,1013.0,94,77.0,77.0,20,3.76
beringovskiy,63.05,179.32,43.67,1001.8,69,43.67,43.67,92,6.42
murgab,37.5,61.97,55.4,1016.0,43,55.4,55.4,40,9.17
seoul,37.57,126.98,70.99,1016.0,100,68.0,73.4,90,2.24
esperance,-33.86,121.89,55.4,1021.0,100,55.4,55.4,90,5.82
oriximina,-1.77,-55.87,87.03,1005.6,54,87.03,87.03,60,5.01
aubagne,43.29,5.57,62.76,1011.0,93,59.0,66.2,100,4.7
anamur,36.08,32.84,68.0,1010.0,100,68.0,68.0,20,3.36
zalantun,48.0,122.72,57.6,1012.75,80,57.6,57.6,100,10.47
broken hill,-31.97,141.45,66.2,1023.0,14,66.2,66.2,15,13.87
los andes,-32.83,-70.6,50.25,1020.0,53,48.99,51.8,75,13.87
shimoda,34.7,138.93,73.98,1021.0,83,71.01,77.0,40,9.17
majene,-3.54,118.97,80.21,1012.85,83,80.21,80.21,26,15.86
bara,10.41,10.6,74.23,1011.3,85,74.23,74.23,60,7.49
gazli,40.13,63.45,48.78,1018.3,26,48.78,48.78,0,7.29
morazan,15.32,-87.6,86.0,1006.0,70,86.0,86.0,75,16.11
sioux lookout,50.1,-91.92,41.0,1020.0,80,41.0,41.0,75,6.93
aguimes,27.91,-15.45,73.83,1018.0,83,73.0,75.0,20,18.34
ewa beach,21.32,-158.01,84.63,1015.0,62,80.01,87.8,75,9.17
haines junction,60.75,-137.51,42.95,1001.98,84,42.95,42.95,100,9.66
zhicheng,35.04,112.59,72.56,1015.1,49,72.56,72.56,89,3.09
villa carlos paz,-31.42,-64.5,57.63,1014.0,35,52.0,62.01,0,10.29
saint-joseph,43.56,6.97,64.76,1008.0,60,60.01,71.6,82,12.75
emerald,-23.53,148.16,68.88,1025.0,72,68.0,70.0,75,10.29
goundam,16.42,-3.66,94.28,1009.22,33,94.28,94.28,97,13.18
jiuquan,39.73,98.49,49.25,1013.76,31,49.25,49.25,17,3.02
orodara,10.98,-4.92,78.8,1013.0,83,78.8,78.8,0,2.24
osinki,54.14,22.99,54.72,997.39,91,54.72,54.72,100,14.52
laguna,16.17,-88.94,86.0,1007.0,74,86.0,86.0,75,2.51
lawton,34.61,-98.39,88.52,1011.0,62,86.0,91.0,90,12.75
kruisfontein,-34.0,24.73,52.72,1021.1,89,52.72,52.72,12,8.28
susehri,40.16,38.09,46.11,1016.18,62,46.11,46.11,0,3.53
south river,40.45,-74.39,76.28,1014.0,57,72.0,80.6,1,6.06
talnakh,69.49,88.39,30.2,1009.0,86,30.2,30.2,75,15.66
daru,-9.07,143.21,78.21,1013.82,88,78.21,78.21,100,12.39
guerrero negro,27.97,-114.04,66.87,1009.37,76,66.87,66.87,0,19.15
louveira,-23.09,-46.95,75.56,1014.0,32,68.0,82.4,0,9.17
makat,47.65,53.35,56.27,1018.91,45,56.27,56.27,100,22.06
mandalgovi,45.76,106.27,36.25,1021.29,74,36.25,36.25,100,15.97
dunedin,-45.87,170.5,45.0,1001.0,69,45.0,45.0,91,34.0
gizo,31.8,34.94,72.16,1011.0,73,64.99,77.0,75,4.7
riviera beach,39.16,-76.51,77.52,1017.0,73,73.0,82.4,1,4.7
pandan,11.72,122.09,81.99,1012.48,74,81.99,81.99,99,1.74
salalah,17.01,54.1,78.8,1011.0,83,78.8,78.8,20,4.7
laredo,27.51,-99.51,94.32,1010.0,46,93.2,95.0,20,17.22
agadez,16.97,7.99,92.21,1009.41,15,92.21,92.21,99,4.61
corinto,3.17,-76.26,77.0,1012.0,69,77.0,77.0,40,3.36
victoria,5.28,115.24,74.14,1012.0,94,73.0,75.2,90,14.54
kahului,20.89,-156.47,82.65,1014.0,55,77.0,89.6,20,17.22
micheweni,-4.97,39.83,78.37,1011.47,84,78.37,78.37,60,9.17
san cristobal,14.68,-86.92,69.01,1008.81,94,69.01,69.01,94,4.76
nanortalik,60.14,-45.24,44.67,999.15,59,44.67,44.67,100,5.06
kalmunai,7.42,81.82,74.23,1011.72,89,74.23,74.23,58,1.83
phon thong,16.3,103.98,77.0,1011.0,94,77.0,77.0,0,4.32
illapel,-31.63,-71.17,44.35,1019.88,85,44.35,44.35,79,4.56
uyemskiy,64.47,40.85,46.4,984.0,93,46.4,46.4,90,15.66
simao,22.76,100.79,63.5,1013.64,98,63.5,63.5,74,0.58
miles city,46.41,-105.84,36.52,1022.0,86,36.0,37.4,90,4.7
bhunya,-26.54,31.01,46.4,1031.0,100,46.4,46.4,99,5.82
shelburne,44.08,-80.2,69.89,1011.0,94,68.0,71.6,75,4.7
chapais,49.78,-74.86,39.2,1007.0,100,39.2,39.2,90,4.7
hualmay,-11.1,-77.61,61.76,1014.33,92,61.76,61.76,71,15.46
port moresby,-9.47,147.16,80.6,1013.0,83,80.6,80.6,75,6.93
plainview,34.18,-101.71,76.03,1014.0,78,66.99,84.2,90,6.93
sao gabriel da cachoeira,-0.13,-67.09,82.85,1006.64,65,82.85,82.85,100,0.98
shakawe,-18.36,21.84,58.08,1015.78,16,58.08,58.08,83,4.47
cidreira,-30.17,-50.22,69.84,1007.25,77,69.84,69.84,23,12.08
roma,41.89,12.48,63.97,1010.0,88,59.0,69.01,0,3.36
kokino,42.26,21.95,58.64,1012.0,82,57.0,60.8,40,1.66
catuday,16.29,119.81,82.89,1012.65,71,82.89,82.89,91,3.13
paithan,19.48,75.39,70.79,1011.82,91,70.79,70.79,0,5.82
cockburn town,21.46,-71.14,84.2,1009.0,70,84.2,84.2,40,5.82
port pirie,-33.18,138.01,73.4,1020.0,17,73.4,73.4,0,13.87
kathmandu,27.71,85.32,66.2,1017.0,93,66.2,66.2,75,4.7
banda aceh,5.56,95.32,81.7,1011.78,70,81.7,81.7,100,2.17
talara,-4.58,-81.27,62.6,1009.0,290,62.6,62.6,0,20.8
marsaxlokk,35.84,14.54,70.99,1012.0,88,69.8,72.0,20,2.24
areka,7.07,37.71,61.63,1014.21,92,61.63,61.63,95,1.83
bella union,8.5,-73.35,68.58,1008.71,95,68.58,68.58,91,4.14
le mont-sur-lausanne,46.56,6.63,54.32,1008.0,87,48.0,59.0,90,6.93
malko tarnovo,41.98,27.52,68.0,1014.0,88,68.0,68.0,75,6.93
isangel,-19.55,169.27,80.6,1017.0,57,80.6,80.6,75,16.11
dicabisagan,17.08,122.42,77.83,1013.19,89,77.83,77.83,100,2.53
bozuyuk,39.91,30.04,51.91,1016.0,81,50.0,54.0,0,2.24
yar-sale,66.83,70.83,37.01,1001.74,96,37.01,37.01,95,7.85
mercedes,-33.25,-58.03,57.0,1008.0,92,57.0,57.0,100,25.99
bandarban,22.2,92.22,70.52,1010.63,97,70.52,70.52,82,2.91
ixtapa,20.71,-105.21,78.91,1008.0,88,78.8,79.0,90,8.05
casablanca,33.6,-7.62,67.37,1021.0,100,66.99,68.0,0,6.93
ostrovnoy,68.05,39.51,35.71,1000.39,73,35.71,35.71,95,26.4
oranjemund,-28.55,16.43,58.39,1014.34,79,58.39,58.39,0,12.71
arlit,18.74,7.39,90.39,1009.82,14,90.39,90.39,12,12.73
adre,13.47,22.2,74.41,1009.52,71,74.41,74.41,60,5.26
kulhudhuffushi,6.62,73.07,82.46,1010.44,73,82.46,82.46,10,6.24
gamba,28.28,88.52,31.28,1018.11,79,31.28,31.28,27,1.28
breytovo,58.3,37.86,40.97,999.24,85,40.97,40.97,0,9.93
sinnamary,5.38,-52.96,82.02,1010.13,79,82.02,82.02,72,13.73
san andres,13.32,122.68,84.17,1012.4,69,84.17,84.17,88,2.15
tabuk,17.41,121.44,70.4,1013.28,85,70.4,70.4,100,0.65
adrar,27.87,-0.29,82.4,1014.0,12,82.4,82.4,0,5.82
alyangula,-13.85,136.42,82.4,1016.0,61,82.4,82.4,94,3.36
itoman,26.12,127.67,82.72,1013.0,79,82.0,84.2,75,13.87
soyo,-6.13,12.37,76.59,1011.39,81,76.59,76.59,69,11.99
takoradi,4.89,-1.75,73.46,1012.41,95,73.46,73.46,96,3.56
tete,-16.16,33.59,80.6,1014.0,65,80.6,80.6,0,12.75
mangai,-4.07,19.59,71.57,1009.44,84,71.57,71.57,18,1.36
egvekinot,66.32,-179.17,33.62,997.84,86,33.62,33.62,96,11.7
evanston,42.04,-87.69,81.64,1012.0,66,73.0,86.0,75,10.29
nantucket,41.28,-70.1,65.64,1015.0,88,64.0,66.99,1,14.99
taltal,-25.41,-70.49,51.8,1016.89,85,51.8,51.8,38,2.44
christchurch,-43.53,172.64,44.13,1005.0,93,37.99,46.99,66,16.11
fort-shevchenko,44.51,50.26,66.27,1015.6,77,66.27,66.27,100,16.17
yumen,40.29,97.04,52.97,1013.68,27,52.97,52.97,43,13.96
tarakan,3.3,117.63,77.0,1012.0,88,77.0,77.0,75,3.36
manitouwadge,49.12,-85.84,42.51,1018.06,92,42.51,42.51,98,6.11
ilulissat,69.22,-51.1,44.6,1009.0,45,44.6,44.6,38,16.11
purwa,26.46,80.77,75.2,1009.0,100,75.2,75.2,90,2.24
kununurra,-15.77,128.74,80.6,1016.0,65,80.6,80.6,0,5.82
praia da vitoria,38.73,-27.07,71.6,1012.0,88,71.6,71.6,75,27.58
tutoia,-2.76,-42.27,74.95,1009.69,81,74.95,74.95,0,5.86
port hedland,-20.31,118.58,78.8,1014.0,34,78.8,78.8,0,5.82
balkanabat,39.51,54.36,67.84,1013.76,27,67.84,67.84,0,5.53
caraballeda,10.61,-66.85,77.36,1013.0,83,75.0,80.6,40,5.82
biltine,14.53,20.93,85.37,1007.57,51,85.37,85.37,86,7.65
lagoa,37.14,-8.45,66.67,1019.0,77,63.0,69.01,0,11.41
san juan de los lagos,21.25,-102.33,68.0,1019.0,72,68.0,68.0,75,4.7
elat,2.91,11.16,68.2,1011.96,98,68.2,68.2,97,3.53
xining,36.62,101.77,46.73,1012.38,58,46.73,46.73,86,4.23
goderich,43.74,-81.71,67.14,1014.0,94,66.0,68.0,100,10.0
carnduff,49.17,-101.8,39.99,1024.0,82,39.99,39.99,99,5.01
tautira,-17.73,-149.15,84.2,1013.0,54,84.2,84.2,40,5.82
grindavik,63.84,-22.43,44.69,1021.0,100,42.8,46.4,75,8.05
weligama,5.97,80.42,80.33,1011.55,76,80.33,80.33,31,4.23
shache,38.42,77.24,60.71,1010.25,40,60.71,60.71,99,7.05
hervey bay,-25.3,152.85,74.34,1026.0,56,73.4,75.0,40,19.46
fandriana,-20.24,47.38,61.99,1016.98,77,61.99,61.99,16,2.59
dingle,11.0,122.67,80.22,1012.68,78,80.22,80.22,100,1.23
kaseda,31.42,130.32,77.0,1016.0,83,77.0,77.0,75,5.82
salta,-24.79,-65.41,74.84,1006.0,46,69.8,77.0,0,5.82
shizunai,42.33,142.37,65.72,1020.6,63,65.72,65.72,0,3.4
batagay,67.65,134.64,25.04,1011.18,57,25.04,25.04,90,2.93
kloulklubed,7.04,134.26,82.4,1013.0,78,82.4,82.4,75,6.96
hays,38.88,-99.33,63.93,1012.0,93,60.8,68.0,90,12.75
husavik,50.56,-96.99,43.34,1025.0,79,43.0,44.01,100,13.09
goba,7.01,39.97,45.74,1014.39,90,45.74,45.74,56,3.94
vagur,61.47,-6.81,46.62,1015.75,74,46.62,46.62,2,23.73
baykit,61.68,96.39,25.86,1025.35,92,25.86,25.86,100,5.55
banjar,-7.37,108.54,73.78,1014.27,83,73.78,73.78,99,0.25
puerto escondido,15.86,-97.07,84.2,1008.0,70,84.2,84.2,75,9.17
clawson,42.53,-83.15,73.29,1014.0,78,66.99,80.01,40,3.36
mahanoro,-19.9,48.8,68.29,1017.67,93,68.29,68.29,97,2.3
jawhar,19.91,73.23,73.65,1011.56,96,73.65,73.65,100,3.2
sola,-3.17,33.8,70.29,1009.9,60,70.29,70.29,55,1.83
shibetsu,44.15,142.46,55.4,1021.0,93,55.4,55.4,20,1.12
kikwit,-5.04,18.82,71.8,1010.31,87,71.8,71.8,44,0.94
brownwood,31.71,-98.99,90.52,1012.0,33,89.01,91.4,90,16.11
oktyabrskoye,56.73,85.44,32.59,1029.0,80,32.0,33.01,0,11.18
madang,35.32,102.79,40.17,1013.15,73,40.17,40.17,100,3.47
fairbanks,64.84,-147.72,45.34,1005.0,81,43.0,48.99,75,3.36
bacungan,9.87,118.73,77.0,1013.0,88,77.0,77.0,20,4.7
wanaka,-44.7,169.14,38.43,1008.25,64,38.43,38.43,41,10.96
chebenki,51.93,55.71,48.2,1021.0,45,48.2,48.2,0,8.95
kieta,-6.22,155.63,83.12,1011.46,68,83.12,83.12,99,4.81
mega,4.06,38.32,70.25,1009.69,70,70.25,70.25,0,7.05
luang prabang,19.89,102.14,68.88,1012.53,88,68.88,68.88,0,0.4
antalaha,-14.9,50.28,62.31,1016.59,98,62.31,62.31,30,2.04
holoby,51.09,25.02,54.0,739.0,78,54.0,54.0,43,1.99
evensk,61.92,159.24,33.68,1010.18,39,33.68,33.68,0,2.28
luganville,-15.51,167.18,80.6,1015.0,74,80.6,80.6,75,12.75
pacific grove,36.62,-121.92,66.07,1015.0,59,57.99,73.0,1,8.05
kaeo,-35.1,173.78,60.94,1016.0,88,60.01,62.01,63,13.98
paciran,-6.9,112.33,79.31,1013.56,64,79.31,79.31,15,7.74
mishan,45.55,131.88,66.44,1015.83,58,66.44,66.44,0,6.58
diapaga,12.07,1.79,74.9,1011.43,89,74.9,74.9,82,3.78
vaitape,-16.52,-151.75,76.17,1013.31,77,76.17,76.17,96,20.47
nhulunbuy,-12.18,136.78,82.4,1016.0,65,82.4,82.4,20,8.05
coquimbo,-29.95,-71.34,55.4,1019.0,62,55.4,55.4,0,6.93
dzilam gonzalez,21.28,-88.93,81.14,1008.62,83,81.14,81.14,0,18.88
viisoara,46.55,23.92,46.81,1012.0,87,46.0,48.2,5,4.7
arman,59.7,150.17,27.95,1008.99,90,27.95,27.95,100,3.98
golyshmanovo,56.4,68.37,37.51,1024.07,74,37.51,37.51,13,11.99
lopukhiv,48.37,23.97,47.18,1010.53,74,47.18,47.18,0,4.63
walvis bay,-22.95,14.51,61.47,1015.0,82,59.0,63.0,0,6.93
poum,41.28,20.71,53.22,1012.15,75,53.22,53.22,0,2.71
maceio,-9.67,-35.74,71.6,1014.0,94,71.6,71.6,0,3.36
katobu,-4.94,122.53,83.66,1013.92,63,83.66,83.66,18,7.2
saint-augustin,45.63,-73.98,60.24,1007.0,100,54.0,64.0,90,8.5
ternate,14.29,120.72,82.11,1012.0,83,82.0,82.4,75,2.24
altea,38.6,-0.05,76.78,1011.0,40,71.01,80.01,0,8.05
xinqing,48.28,129.53,64.44,1011.03,75,64.44,64.44,91,8.19
volchikha,52.02,80.36,32.38,1033.73,60,32.38,32.38,0,3.74
ribeira grande,38.52,-28.7,73.4,1010.0,83,73.4,73.4,40,25.28
gornopravdinsk,60.06,69.92,43.63,1014.51,89,43.63,43.63,100,12.03
george town,5.42,100.33,76.03,1011.0,94,75.0,77.0,75,2.86
iqaluit,63.75,-68.52,35.26,1011.0,80,35.01,35.6,75,2.24
sligo,54.27,-8.48,47.48,1019.0,83,46.0,48.99,69,3.0
lucapa,-8.42,20.74,67.66,1011.56,90,67.66,67.66,39,1.79
kasongo-lunda,-6.48,16.82,67.43,1011.38,92,67.43,67.43,39,1.45
lerwick,60.15,-1.15,48.2,1006.0,87,48.2,48.2,84,19.46
poieni,46.75,27.08,55.49,1012.0,71,53.01,57.2,0,9.17
puerto leguizamo,-0.19,-74.78,80.91,1005.09,66,80.91,80.91,47,3.96
necochea,-38.55,-58.74,52.0,1017.0,92,52.0,52.0,100,5.01
oksfjord,70.24,22.35,35.73,1013.0,74,34.0,37.4,20,19.46
kungurtug,50.6,97.53,23.22,1029.72,80,23.22,23.22,100,2.68
kichera,55.93,110.1,26.93,1034.51,65,26.93,26.93,43,6.15
itarema,-2.92,-39.92,75.11,1011.53,82,75.11,75.11,18,9.31
tokur,53.13,132.9,43.31,1012.79,97,43.31,43.31,100,1.57
nisia floresta,-6.09,-35.21,77.86,1012.0,78,77.0,78.8,20,11.41
goma,-1.67,29.23,54.2,1012.3,95,54.2,54.2,14,0.74
kudahuvadhoo,2.67,72.89,82.11,1009.82,77,82.11,82.11,87,15.95
southbridge,42.08,-72.03,66.67,1013.0,93,63.0,71.01,1,12.75
aykhal,65.95,111.51,17.6,1017.0,100,17.6,17.6,90,2.24
gainesville,29.65,-82.33,78.82,1016.0,69,75.0,82.0,90,10.29
eenhana,-17.48,16.34,71.6,1015.0,13,71.6,71.6,99,3.36
tecoanapa,16.99,-99.26,84.2,1007.0,79,84.2,84.2,40,8.05
ishigaki,24.34,124.16,82.4,1011.0,88,82.4,82.4,75,11.41
ouadda,8.07,22.4,68.06,1010.0,94,68.06,68.06,100,2.06
santa barbara,34.42,-119.7,70.27,1011.0,28,64.0,75.0,1,8.05
mount gambier,-37.83,140.78,66.2,1020.0,32,66.2,66.2,85,14.99
vanimo,-2.67,141.3,80.51,1013.32,72,80.51,80.51,69,2.39
juneau,58.3,-134.42,49.82,1011.0,93,48.2,51.8,90,16.11
sarkand,45.41,79.91,36.74,1024.49,43,36.74,36.74,5,3.15
nokaneng,-19.66,22.19,58.32,1016.41,14,58.32,58.32,63,5.39
ust-kuyga,70.0,135.55,25.92,1003.29,79,25.92,25.92,100,20.54
rosita,13.92,-84.4,74.12,1006.88,95,74.12,74.12,78,1.99
quijingue,-10.75,-39.21,73.8,1014.79,78,73.8,73.8,54,11.16
mbandaka,0.05,18.26,69.91,1010.0,93,69.91,69.91,62,1.7
lata,30.78,78.62,32.4,1016.81,89,32.4,32.4,48,1.23
yadgir,16.77,77.14,73.69,1012.21,86,73.69,73.69,90,5.44
kenai,60.55,-151.26,50.34,999.0,66,48.99,51.8,1,19.46
emmett,43.87,-116.5,55.4,1017.0,35,52.0,59.0,20,13.87
terrace,54.52,-128.61,53.85,1017.0,58,53.6,54.0,90,8.05
tateyama,36.66,137.31,75.29,1019.0,78,73.0,79.0,75,2.24
orlovskiy,46.87,42.05,54.47,1014.61,83,54.47,54.47,4,6.71
huarmey,-10.07,-78.15,61.81,1013.78,92,61.81,61.81,81,15.66
severo-yeniseyskiy,60.37,93.04,31.32,1025.66,88,31.32,31.32,86,11.12
nuuk,64.17,-51.74,37.18,1005.0,61,37.0,37.4,40,9.17
marsabit,2.34,37.99,78.41,1008.56,65,78.41,78.41,2,8.97
thinadhoo,0.53,72.93,82.28,1010.2,77,82.28,82.28,30,17.98
kampene,-3.59,26.67,67.39,1009.99,97,67.39,67.39,94,1.3
boa vista,2.82,-60.67,86.0,1007.0,58,86.0,86.0,0,5.82
saiha,22.49,92.98,68.24,1011.1,99,68.24,68.24,46,1.66
paita,-5.09,-81.11,62.6,1009.0,290,62.6,62.6,0,20.8
oranjestad,12.52,-70.03,86.0,1008.0,74,86.0,86.0,40,8.05
havoysund,71.0,24.66,35.6,1013.0,80,35.6,35.6,75,19.46
kaohsiung,22.62,120.31,78.94,1012.0,74,77.0,81.0,40,3.36
